<contacts>
  <contact>
    <name age="43">
      <first>John</first>
      <last>Smith</last>
    </name>
    <email>jsbrony@yahoo.com</email>
  </contact>
  <contact>
    <name age="36">
      <first>Sally</first>
      <last>Edwards</last>
    </name>
    <email>steclone@yahoo.com</email>
  </contact>
  <contact>
    <name age="32">
      <first>Ellen</first>
      <last>James</last>
    </name>
    <email>jamestel@google.com</email>
  </contact>
  <contact>
    <name age="29">
      <first>Keith</first>
      <last>Cramer</last>
    </name>
    <email>kcramer@sintech.com</email>
  </contact>
</contacts>
